epoch,train_loss
1,0.5139643084837904
2,0.3897458726353299
3,0.3543378784479154
4,0.34594112928557147
5,0.32595251508340706
6,0.3131385087245063
7,0.3016405800118991
8,0.30592464555093574
9,0.2912781825321356
10,0.27656932267969453
